ID,Colour 1,Colour 2,Colour 3,Episode,Frame
bliss_palette_0,black,black,black,Bliss,0
bliss_palette_1,brown,beige,brown,Bliss,1
bliss_palette_2,brown,brown,beige,Bliss,2
bliss_palette_3,beige,brown,brown,Bliss,3
bliss_palette_4,brown,brown,brown,Bliss,4
bliss_palette_5,brown,beige,brown,Bliss,5
bliss_palette_6,brown,white,beige,Bliss,6
bliss_palette_7,brown,brown,grey,Bliss,7
bliss_palette_8,brown,grey,beige,Bliss,8
bliss_palette_9,brown,brown,grey,Bliss,9
bliss_palette_10,brown,brown,brown,Bliss,10
bliss_palette_11,pink,grey,pink,Bliss,11
bliss_palette_12,pink,grey,pink,Bliss,12
bliss_palette_13,pink,grey,pink,Bliss,13
bliss_palette_14,pink,pink,yellow,Bliss,14
bliss_palette_15,yellow,orange,pink,Bliss,15
bliss_palette_16,pink,pink,pink,Bliss,16
bliss_palette_17,pink,pink,orange,Bliss,17
bliss_palette_18,grey,pink,pink,Bliss,18
bliss_palette_19,brown,brown,brown,Bliss,19
bliss_palette_20,black,grey,green,Bliss,20
bliss_palette_21,black,green,grey,Bliss,21
bliss_palette_22,green,pink,black,Bliss,22
bliss_palette_23,green,pink,black,Bliss,23
bliss_palette_24,green,pink,black,Bliss,24
bliss_palette_25,black,pink,green,Bliss,25
bliss_palette_26,black,pink,green,Bliss,26
bliss_palette_27,black,grey,green,Bliss,27
bliss_palette_28,black,green,green,Bliss,28
bliss_palette_29,black,green,green,Bliss,29
bliss_palette_30,black,green,green,Bliss,30
bliss_palette_31,green,green,green,Bliss,31
bliss_palette_32,green,green,green,Bliss,32
bliss_palette_33,green,green,green,Bliss,33
bliss_palette_34,green,green,green,Bliss,34
bliss_palette_35,purple,white,black,Bliss,35
bliss_palette_36,black,white,purple,Bliss,36
bliss_palette_37,black,purple,white,Bliss,37
bliss_palette_38,purple,grey,black,Bliss,38
bliss_palette_39,purple,maroon,grey,Bliss,39
bliss_palette_40,black,purple,white,Bliss,40
bliss_palette_41,purple,lilac,maroon,Bliss,41
bliss_palette_42,purple,black,white,Bliss,42
bliss_palette_43,purple,grey,maroon,Bliss,43
bliss_palette_44,purple,white,black,Bliss,44
bliss_palette_45,black,white,purple,Bliss,45
bliss_palette_46,black,purple,white,Bliss,46
bliss_palette_47,black,white,purple,Bliss,47
bliss_palette_48,purple,white,black,Bliss,48
bliss_palette_49,purple,black,white,Bliss,49
bliss_palette_50,white,black,purple,Bliss,50
bliss_palette_51,beige,black,yellow,Bliss,51
bliss_palette_52,beige,brown,brown,Bliss,52
bliss_palette_53,brown,brown,beige,Bliss,53
bliss_palette_54,purple,beige,black,Bliss,54
bliss_palette_55,beige,green,brown,Bliss,55
bliss_palette_56,brown,brown,brown,Bliss,56
bliss_palette_57,grey,blue,black,Bliss,57
bliss_palette_58,grey,grey,green,Bliss,58
bliss_palette_59,black ,pink,brown,Bliss,59
bliss_palette_60,green,blue,blue,Bliss,60
bliss_palette_61,white,maroon,red,Bliss,61
bliss_palette_62,green,blue,black,Bliss,62
bliss_palette_63,black,blue,green,Bliss,63
bliss_palette_64,grey,brown,brown,Bliss,64
bliss_palette_65,green,grey,brown,Bliss,65
bliss_palette_66,black,blue,brown,Bliss,66
bliss_palette_67,black,brown,blue,Bliss,67
bliss_palette_68,purple,blue,blue,Bliss,68
bliss_palette_69,blue ,blue,blue,Bliss,69
bliss_palette_70,blue ,blue,blue,Bliss,70
bliss_palette_71,purple,blue,blue,Bliss,71
bliss_palette_72,lilac,grey,purple,Bliss,72
bliss_palette_73,purple,black,lilac,Bliss,73
bliss_palette_74,green,purple,green,Bliss,74
bliss_palette_75,beige,yellow,brown,Bliss,75
bliss_palette_76,orange,black,beige,Bliss,76
bliss_palette_77,beige,purple,yellow,Bliss,77
bliss_palette_78,purple,yellow,pink,Bliss,78
bliss_palette_79,beige,yellow,pink,Bliss,79
bliss_palette_80,maroon,yellow,orange,Bliss,80
bliss_palette_81,yellow,maroon,purple,Bliss,81
bliss_palette_82,beige,purple,yellow,Bliss,82
bliss_palette_83,beige,maroon,yellow,Bliss,83
bliss_palette_84,maroon,pink,yellow,Bliss,84
bliss_palette_85,green,maroon,yellow,Bliss,85
bliss_palette_86,orange,brown,yellow,Bliss,86
bliss_palette_87,green,yellow,maroon,Bliss,87
bliss_palette_88,yellow,yellow,pink,Bliss,88
bliss_palette_89,maroon,grey,brown,Bliss,89
bliss_palette_90,grey,black,red,Bliss,90
bliss_palette_91,grey,brown,brown,Bliss,91
bliss_palette_92,grey,brown,brown,Bliss,92
bliss_palette_93,gery,black,brown,Bliss,93
bliss_palette_94,grey,grey,red,Bliss,94
bliss_palette_95,grey,maroon,black,Bliss,95
bliss_palette_96,gret,red,brown,Bliss,96
bliss_palette_97,red,brown,black,Bliss,97
bliss_palette_98,brown,grey,black,Bliss,98
bliss_palette_99,brown,brown,brown,Bliss,99
bliss_palette_100,green,grey,maroon,Bliss,100
bliss_palette_101,green,grey,red,Bliss,101
bliss_palette_102,black,beige,brown,Bliss,102
bliss_palette_103,brown,grey,black,Bliss,103
bliss_palette_104,grey,brown,brown,Bliss,104
bliss_palette_105,grey,black,brown,Bliss,105
bliss_palette_106,brown,brown,grey,Bliss,106
bliss_palette_107,black,grey,brown,Bliss,107
bliss_palette_108,black,grey,brown,Bliss,108
bliss_palette_109,brown,brown,grey,Bliss,109
bliss_palette_110,black,grey,brown,Bliss,110
bliss_palette_111,grey,brown,brown,Bliss,111
bliss_palette_112,brown,brown,black,Bliss,112
bliss_palette_113,grey,brown,black,Bliss,113
bliss_palette_114,brown,brown,brown,Bliss,114
bliss_palette_115,brown,brown,brown,Bliss,115
bliss_palette_116,brown,brown,brown,Bliss,116
bliss_palette_117,brown,brown,brown,Bliss,117
bliss_palette_118,black,grey,blue,Bliss,118
bliss_palette_119,black,grey,brown,Bliss,119
bliss_palette_120,black,red,orange,Bliss,120
bliss_palette_121,black,orange,red,Bliss,121
bliss_palette_122,black,orange,red,Bliss,122
bliss_palette_123,black,orange,red,Bliss,123
bliss_palette_124,black,maroon,orange,Bliss,124
bliss_palette_125,black,orange,maroon,Bliss,125
bliss_palette_126,black,orange,brown,Bliss,126
bliss_palette_127,black,brown,orange,Bliss,127
bliss_palette_128,black,orange,brown,Bliss,128
bliss_palette_129,black,brown,white,Bliss,129
bliss_palette_130,blue ,green,grey,Bliss,130
conflict_palette_0,black,black,black,Conflict,0
conflict_palette_1,black,brown,brown,Conflict,1
conflict_palette_2,brown,brown,black,Conflict,2
conflict_palette_3,black,pink,brown,Conflict,3
conflict_palette_4,black,brown,brown,Conflict,4
conflict_palette_5,grey,black,brown,Conflict,5
conflict_palette_6,brown,black,pink,Conflict,6
conflict_palette_7,black,blue,yellow,Conflict,7
conflict_palette_8,black,purple,yellow,Conflict,8
conflict_palette_9,black,lilac,purple,Conflict,9
conflict_palette_10,red,black,blue,Conflict,10
conflict_palette_11,red,blue,black,Conflict,11
conflict_palette_12,beige,blue,black,Conflict,12
conflict_palette_13,beige,purple,green,Conflict,13
conflict_palette_14,green,purple,beige,Conflict,14
conflict_palette_15,blue ,blue,purple,Conflict,15
conflict_palette_16,green,blue,green,Conflict,16
conflict_palette_17,green,yellow,green,Conflict,17
conflict_palette_18,green,green,green,Conflict,18
conflict_palette_19,brown,green,green,Conflict,19
conflict_palette_20,green,yellow,green,Conflict,20
conflict_palette_21,green,grey,black,Conflict,21
conflict_palette_22,green,green,grey,Conflict,22
conflict_palette_23,green,green,green,Conflict,23
conflict_palette_24,green,grey,green,Conflict,24
conflict_palette_25,green,green,green,Conflict,25
conflict_palette_26,brown,brown,orange,Conflict,26
conflict_palette_27,brown,blue,green,Conflict,27
conflict_palette_28,brown,brown,beige,Conflict,28
conflict_palette_29,blue ,green,brown,Conflict,29
conflict_palette_30,green,grey,black,Conflict,30
conflict_palette_31,green,black,green,Conflict,31
conflict_palette_32,black,grey,purple,Conflict,32
conflict_palette_33,red,green,blue,Conflict,33
conflict_palette_34,black,brown,green,Conflict,34
conflict_palette_35,black,green,purple,Conflict,35
conflict_palette_36,brown,black,green,Conflict,36
conflict_palette_37,brown,green,purple,Conflict,37
conflict_palette_38,green,green,green,Conflict,38
conflict_palette_39,green,red,green,Conflict,39
conflict_palette_40,red,green,blue,Conflict,40
conflict_palette_41,green,purple,blue,Conflict,41
conflict_palette_42,pink,green,black,Conflict,42
conflict_palette_43,green,pink,black,Conflict,43
conflict_palette_44,black,brown,green,Conflict,44
conflict_palette_45,green,black,brown,Conflict,45
conflict_palette_46,black,red,blue,Conflict,46
conflict_palette_47,black,red,blue,Conflict,47
conflict_palette_48,black,green,red,Conflict,48
conflict_palette_49,black,white,green,Conflict,49
conflict_palette_50,black,white,green,Conflict,50
conflict_palette_51,pink,white,black,Conflict,51
conflict_palette_52,black,white,pink,Conflict,52
conflict_palette_53,white,black,pink,Conflict,53
conflict_palette_54,black,white,pink,Conflict,54
conflict_palette_55,pink,white,brown,Conflict,55
conflict_palette_56,pink,white,brown,Conflict,56
conflict_palette_57,brown,white,pink,Conflict,57
conflict_palette_58,pink,white,black,Conflict,58
conflict_palette_59,black,white,brown,Conflict,59
conflict_palette_60,brown,pink,white,Conflict,60
conflict_palette_61,black,pink,white,Conflict,61
conflict_palette_62,pink,black,white,Conflict,62
conflict_palette_63,blue ,white,purple,Conflict,63
conflict_palette_64,black,brown,brown,Conflict,64
conflict_palette_65,beige,black,green,Conflict,65
conflict_palette_66,black,brown,beige,Conflict,66
conflict_palette_67,black,beige,green,Conflict,67
conflict_palette_68,black,beige,green,Conflict,68
conflict_palette_69,black,brown,brown,Conflict,69
conflict_palette_70,beige,black,brown,Conflict,70
conflict_palette_71,beige,black,brown,Conflict,71
conflict_palette_72,brown,black,beige,Conflict,72
conflict_palette_73,brown,beige,black,Conflict,73
conflict_palette_74,black,beige,brown,Conflict,74
conflict_palette_75,brown,black,beige,Conflict,75
conflict_palette_76,black,beige,brown,Conflict,76
conflict_palette_77,beige,black,brown,Conflict,77
conflict_palette_78,black,brown,beige,Conflict,78
conflict_palette_79,beige,black,brown,Conflict,79
conflict_palette_80,black,beige,green,Conflict,80
conflict_palette_81,black,white,grey,Conflict,81
conflict_palette_82,black,white,grey,Conflict,82
conflict_palette_83,grey,grey,grey,Conflict,83
conflict_palette_84,grey,grey,black,Conflict,84
conflict_palette_85,black,grey,grey,Conflict,85
conflict_palette_86,grey,grey,grey,Conflict,86
conflict_palette_87,black,white,grey,Conflict,87
conflict_palette_88,white,black,grey,Conflict,88
conflict_palette_89,blue ,black,white,Conflict,89
conflict_palette_90,blue ,grey,grey,Conflict,90
conflict_palette_91,blue ,black,purple,Conflict,91
conflict_palette_92,blue ,purple,grey,Conflict,92
conflict_palette_93,grey,beige,green,Conflict,93
conflict_palette_94,grey,beige,green,Conflict,94
conflict_palette_95,grey,green,grey,Conflict,95
conflict_palette_96,grey,black,grey,Conflict,96
conflict_palette_97,yellow,black,yellow,Conflict,97
conflict_palette_98,pink,black,red,Conflict,98
conflict_palette_99,pink,black,maroon,Conflict,99
conflict_palette_100,pink,pink,maroon,Conflict,100
conflict_palette_101,white,black,grey,Conflict,101
conflict_palette_102,brown,black,grey,Conflict,102
conflict_palette_103,beige,black,grey,Conflict,103
conflict_palette_104,grey,grey,brown,Conflict,104
conflict_palette_105,blue ,grey,grey,Conflict,105
conflict_palette_106,grey,blue,beige,Conflict,106
conflict_palette_107,brown,beige,brown,Conflict,107
conflict_palette_108,brown,beige,brown,Conflict,108
conflict_palette_109,beige,brown,brown,Conflict,109
conflict_palette_110,green,green,blue,Conflict,110
conflict_palette_111,black,green,green,Conflict,111
conflict_palette_112,black,green,brown,Conflict,112
conflict_palette_113,green,green,green,Conflict,113
conflict_palette_114,blue ,blue,black,Conflict,114
conflict_palette_115,brown,brown,green,Conflict,115
conflict_palette_116,beige,brown,grey,Conflict,116
conflict_palette_117,beige,black,grey,Conflict,117
conflict_palette_118,grey,grey,grey,Conflict,118
conflict_palette_119,blue ,black,beige,Conflict,119
conflict_palette_120,black,brown,green,Conflict,120
conflict_palette_121,green,green,green,Conflict,121
conflict_palette_122,brown,green,green,Conflict,122
conflict_palette_123,brown,green,green,Conflict,123
conflict_palette_124,green,brown,pink,Conflict,124
conflict_palette_125,green,black,beige,Conflict,125
conflict_palette_126,brown,green,black,Conflict,126
conflict_palette_127,blue ,pink,green,Conflict,127
conflict_palette_128,green,pink,blue,Conflict,128
conflict_palette_129,grey,grey,grey,Conflict,129
coping_palette_0,black,black,black,Coping,0
coping_palette_1,brown,blue,black,Coping,1
coping_palette_2,green,grey,black,Coping,2
coping_palette_3,blue ,black,grey,Coping,3
coping_palette_4,blue ,grey,brown,Coping,4
coping_palette_5,blue ,brown,grey,Coping,5
coping_palette_6,green,black,green,Coping,6
coping_palette_7,black,green,green,Coping,7
coping_palette_8,black,white,grey,Coping,8
coping_palette_9,green,green,white,Coping,9
coping_palette_10,green,green,green,Coping,10
coping_palette_11,black,brown,beige,Coping,11
coping_palette_12,green,green,grey,Coping,12
coping_palette_13,green,green,grey,Coping,13
coping_palette_14,green ,green,grey,Coping,14
coping_palette_15,green,green,green,Coping,15
coping_palette_16,blue ,blue,blue,Coping,16
coping_palette_17,brown,brown,grey,Coping,17
coping_palette_18,brown,beige,brown,Coping,18
coping_palette_19,blue ,black,grey,Coping,19
coping_palette_20,blue ,green,brown,Coping,20
coping_palette_21,grey,maroon,blue,Coping,21
coping_palette_22,black,pink,red,Coping,22
coping_palette_23,black,brown,brown,Coping,23
coping_palette_24,brown,black,brown,Coping,24
coping_palette_25,black,pink,brown,Coping,25
coping_palette_26,black,grey,brown,Coping,26
coping_palette_27,black,grey,brown,Coping,27
coping_palette_28,black,green,brown,Coping,28
coping_palette_29,grey,black,brown,Coping,29
coping_palette_30,beige,black,grey,Coping,30
coping_palette_31,grey,black,beige,Coping,31
coping_palette_32,grey,black,grey,Coping,32
coping_palette_33,black,grey,brown,Coping,33
coping_palette_34,grey,black,brown,Coping,34
coping_palette_35,black,orange,brown,Coping,35
coping_palette_36,brown,black,brown,Coping,36
coping_palette_37,grey,black,grey,Coping,37
coping_palette_38,black,beige,brown,Coping,38
coping_palette_39,black,blue,grey,Coping,39
coping_palette_40,brown,brown,brown,Coping,40
coping_palette_41,blue ,blue,beige,Coping,41
coping_palette_42,beige,blue,blue,Coping,42
coping_palette_43,beige,blue,blue,Coping,43
coping_palette_44,blue ,green,blue,Coping,44
coping_palette_45,blue,green,blue,Coping,45
coping_palette_46,beige,blue,blue,Coping,46
coping_palette_47,blue,beige,blue,Coping,47
coping_palette_48,yellow,blue,green,Coping,48
coping_palette_49,blue,blue,green,Coping,49
coping_palette_50,green,blue,green,Coping,50
coping_palette_51,green,blue,brown,Coping,51
coping_palette_52,green,blue,black,Coping,52
coping_palette_53,brown,beige,brown,Coping,53
coping_palette_54,black,pink,brown,Coping,54
coping_palette_55,black,brown,brown,Coping,55
coping_palette_56,brown,brown,brown,Coping,56
coping_palette_57,black,brown,brown,Coping,57
coping_palette_58,grey,grey,grey,Coping,58
coping_palette_59,grey,grey,grey,Coping,59
coping_palette_60,grey,grey,grey,Coping,60
coping_palette_61,grey,grey,black,Coping,61
coping_palette_62,grey,grey,grey,Coping,62
coping_palette_63,grey,grey,grey,Coping,63
coping_palette_64,grey,grey,grey,Coping,64
coping_palette_65,grey,grey,grey,Coping,65
coping_palette_66,grey,grey,grey,Coping,66
coping_palette_67,grey,grey,black,Coping,67
coping_palette_68,black,grey,grey,Coping,68
coping_palette_69,grey,grey,black,Coping,69
coping_palette_70,grey,grey,black,Coping,70
coping_palette_71,brown,grey,black,Coping,71
coping_palette_72,grey,black,brown,Coping,72
coping_palette_73,grey,brown,black,Coping,73
coping_palette_74,brown,brown,grey,Coping,74
coping_palette_75,brown,grey,brown,Coping,75
coping_palette_76,grey,brown,brown,Coping,76
coping_palette_77,brown,grey,brown,Coping,77
coping_palette_78,grey,black,blue,Coping,78
coping_palette_79,grey,brown,grey,Coping,79
coping_palette_80,blue,green,purple,Coping,80
coping_palette_81,yellow,green,green,Coping,81
coping_palette_82,grey,black,blue,Coping,82
coping_palette_83,grey,blue,blue,Coping,83
coping_palette_84,pink,blue,red,Coping,84
coping_palette_85,pink,green,grey,Coping,85
coping_palette_86,blue,blue,green,Coping,86
coping_palette_87,blue,blue,blue,Coping,87
coping_palette_88,green,green,yellow,Coping,88
coping_palette_89,brown,grey,brown,Coping,89
coping_palette_90,brown,brown,grey,Coping,90
coping_palette_91,brown,grey,brown,Coping,91
coping_palette_92,brown,grey,black,Coping,92
coping_palette_93,brown,brown,brown,Coping,93
coping_palette_94,brown,brown,brown,Coping,94
coping_palette_95,brown,brown,brown,Coping,95
coping_palette_96,black,blue,blue,Coping,96
coping_palette_97,brown,grey,grey,Coping,97
coping_palette_98,brown,white,brown,Coping,98
coping_palette_99,grey,brown,brown,Coping,99
coping_palette_100,brown,grey,black,Coping,100
coping_palette_101,grey,brown,black,Coping,101
coping_palette_102,green,blue,green,Coping,102
coping_palette_103,green,blue,black,Coping,103
coping_palette_104,green,brown,white,Coping,104
coping_palette_105,black,white,green,Coping,105
coping_palette_106,brown,brown,white,Coping,106
coping_palette_107,green,green,grey,Coping,107
coping_palette_108,green,white,green,Coping,108
coping_palette_109,black,green,brown,Coping,109
coping_palette_110,green,grey,brown,Coping,110
coping_palette_111,white,black,grey,Coping,111
coping_palette_112,white,black,grey,Coping,112
coping_palette_113,grey,grey,black,Coping,113
coping_palette_114,grey,grey,black,Coping,114
coping_palette_115,grey,grey,black,Coping,115
coping_palette_116,grey,grey,grey,Coping,116
coping_palette_117,grey,grey,black,Coping,117
coping_palette_118,grey,grey,black,Coping,118
coping_palette_119,grey,grey,black,Coping,119
coping_palette_120,black,grey,grey,Coping,120
coping_palette_121,grey,grey,grey,Coping,121
coping_palette_122,grey,grey,grey,Coping,122
coping_palette_123,grey,grey,grey,Coping,123
coping_palette_124,grey,grey,grey,Coping,124
coping_palette_125,grey,grey,black,Coping,125
coping_palette_126,blue,black,black,Coping,126
coping_palette_127,grey,black,grey,Coping,127
coping_palette_128,grey,black,grey,Coping,128
coping_palette_129,black,grey,grey,Coping,129
coping_palette_130,grey,black,grey,Coping,130
coping_palette_131,grey,black,grey,Coping,131
coping_palette_132,grey,black,grey,Coping,132
coping_palette_133,black,grey,grey,Coping,133
coping_palette_134,black,grey,grey,Coping,134
coping_palette_135,black,grey,grey,Coping,135
coping_palette_136,brown,grey,grey,Coping,136
coping_palette_137,green,green,grey,Coping,137
death_palette_0,black,black,black,Death,0
death_palette_1,grey,red,brown,Death,1
death_palette_2,grey,brown,grey,Death,2
death_palette_3,grey,white,grey,Death,3
death_palette_4,black,grey,brown,Death,4
death_palette_5,grey,grey,beige,Death,5
death_palette_6,orange,black,brown,Death,6
death_palette_7,grey,grey,pink,Death,7
death_palette_8,grey,pink,grey,Death,8
death_palette_9,brown,beige,grey,Death,9
death_palette_10,black,beige,grey,Death,10
death_palette_11,black,white,grey,Death,11
death_palette_12,black,white,grey,Death,12
death_palette_13,black,grey,black,Death,13
death_palette_14,black,white,grey,Death,14
death_palette_15,black,grey,black,Death,15
death_palette_16,black,grey,black,Death,16
death_palette_17,white,black,grey,Death,17
death_palette_18,yellow,white,green,Death,18
death_palette_19,green,blue,green,Death,19
death_palette_20,blue,white,green,Death,20
death_palette_21,blue,white,blue,Death,21
death_palette_22,pink,white,pink,Death,22
death_palette_23,black,grey,grey,Death,23
death_palette_24,grey,grey,grey,Death,24
death_palette_25,brown,beige,pink,Death,25
death_palette_26,beige,green,pink,Death,26
death_palette_27,pink,beige,brown,Death,27
death_palette_28,brown,beige,black,Death,28
death_palette_29,black,beige,red,Death,29
death_palette_30,black,purple,yellow,Death,30
death_palette_31,black,green,red,Death,31
death_palette_32,red,black,white,Death,32
death_palette_33,black,red,purple,Death,33
death_palette_34,purple,red,black,Death,34
death_palette_35,blue,red,black,Death,35
death_palette_36,purple,black,yellow,Death,36
death_palette_37,blue,black,purple,Death,37
death_palette_38,black,orange,blue,Death,38
death_palette_39,black,blue,green,Death,39
death_palette_40,black,beige,maroon,Death,40
death_palette_41,red,white,black,Death,41
death_palette_42,red,black,white,Death,42
death_palette_43,black,red,grey,Death,43
death_palette_44,black,red,lilac,Death,44
death_palette_45,red,black,yellow,Death,45
death_palette_46,yellow,black,green,Death,46
death_palette_47,black,white,grey,Death,47
death_palette_48,black,red,yellow,Death,48
death_palette_49,black,black,black,Death,49
death_palette_50,brown,red,brown,Death,50
death_palette_51,grey,brown,grey,Death,51
death_palette_52,grey,brown,grey,Death,52
death_palette_53,blue,brown,grey,Death,53
death_palette_54,grey,brown,beige,Death,54
death_palette_55,grey,grey,brown,Death,55
death_palette_56,grey,grey,brown,Death,56
death_palette_57,grey,green,black,Death,57
death_palette_58,black,blue,brown,Death,58
death_palette_59,black,green,brown,Death,59
death_palette_60,black,maroon,red,Death,60
death_palette_61,black,pink,red,Death,61
death_palette_62,black,beige,brown,Death,62
death_palette_63,black,yellow,grey,Death,63
death_palette_64,black,grey,grey,Death,64
death_palette_65,black,pink,brown,Death,65
death_palette_66,black,green,green,Death,66
death_palette_67,pink,black,grey,Death,67
death_palette_68,black,beige,grey,Death,68
death_palette_69,black,blue,brown,Death,69
death_palette_70,grey,green,blue,Death,70
death_palette_71,black,green,grey,Death,71
death_palette_72,grey,grey,blue,Death,72
death_palette_73,grey,beige,grey,Death,73
death_palette_74,grey,pink,grey,Death,74
death_palette_75,grey,beige,orange,Death,75
death_palette_76,black,black,black,Death,76
death_palette_77,grey,grey,brown,Death,77
death_palette_78,grey,orange,beige,Death,78
death_palette_79,green,green,grey,Death,79
death_palette_80,blue,blue,brown,Death,80
death_palette_81,blue,blue,pink,Death,81
death_palette_82,maroon,red,orange,Death,82
death_palette_83,maroon,orange,red,Death,83
death_palette_84,maroon,orange,red,Death,84
death_palette_85,purple,purple,brown,Death,85
death_palette_86,grey,black,purple,Death,86
death_palette_87,brown,beige,brown,Death,87
death_palette_88,grey,maroon,black,Death,88
death_palette_89,black,black,black,Death,89
death_palette_90,grey,green,red,Death,90
death_palette_91,black,beige,brown,Death,91
death_palette_92,black,purple,pink,Death,92
death_palette_93,grey,black,purple,Death,93
death_palette_94,grey,green,grey,Death,94
death_palette_95,grey,brown,grey,Death,95
death_palette_96,grey,black,grey,Death,96
death_palette_97,grey,black,red,Death,97
death_palette_98,black,pink,green,Death,98
death_palette_99,black,pink,green,Death,99
death_palette_100,black,red,pink,Death,100
death_palette_101,black,red,grey,Death,101
death_palette_102,black,green,pink,Death,102
death_palette_103,black,green,purple,Death,103
death_palette_104,black,blue,pink,Death,104
death_palette_105,black,blue,pink,Death,105
death_palette_106,grey,red,grey,Death,106
death_palette_107,black,red,blue,Death,107
death_palette_108,black,grey,purple,Death,108
death_palette_109,grey,grey,green,Death,109
death_palette_110,black,grey,green,Death,110
death_palette_111,black,black,black,Death,111
death_palette_112,black,black,black,Death,112
death_palette_113,black,grey,pink,Death,113
death_palette_114,purple,black,blue,Death,114
death_palette_115,purple,black,purple,Death,115
death_palette_116,yellow,black,green,Death,116
death_palette_117,orange,black,purple,Death,117
death_palette_118,purple,black,red,Death,118
death_palette_119,red,green,black,Death,119
death_palette_120,green,black,grey,Death,120
death_palette_121,red,black,green,Death,121
death_palette_122,blue,pink,black,Death,122
death_palette_123,purple,black,blue,Death,123
death_palette_124,purple,black,orange,Death,124
death_palette_125,black,green,pink,Death,125
death_palette_126,blue,black,green,Death,126
death_palette_127,black,grey,blue,Death,127
death_palette_128,green,black,white,Death,128
death_palette_129,grey,brown,grey,Death,129
dreams_palette_0,black,black,black,Dreams,0
dreams_palette_1,black,black,grey,Dreams,1
dreams_palette_2,black,grey,grey,Dreams,2
dreams_palette_3,black,grey,black,Dreams,3
dreams_palette_4,grey,grey,black,Dreams,4
dreams_palette_5,black,grey,grey,Dreams,5
dreams_palette_6,black,orange,black,Dreams,6
dreams_palette_7,black,orange,brown,Dreams,7
dreams_palette_8,grey,black,black,Dreams,8
dreams_palette_9,black,brown,black,Dreams,9
dreams_palette_10,green,black,green,Dreams,10
dreams_palette_11,black,green,green,Dreams,11
dreams_palette_12,black,brown,black,Dreams,12
dreams_palette_13,brown,black,orange,Dreams,13
dreams_palette_14,black,black,brown,Dreams,14
dreams_palette_15,black,black,black,Dreams,15
dreams_palette_16,black,grey,grey,Dreams,16
dreams_palette_17,brown,black,grey,Dreams,17
dreams_palette_18,black,grey,grey,Dreams,18
dreams_palette_19,black,pink,brown,Dreams,19
dreams_palette_20,pink,black,maroon,Dreams,20
dreams_palette_21,brown,black,brown,Dreams,21
dreams_palette_22,black,grey,blue,Dreams,22
dreams_palette_23,grey,black,grey,Dreams,23
dreams_palette_24,black,grey,black,Dreams,24
dreams_palette_25,grey,brown,black,Dreams,25
dreams_palette_26,black,grey,blue,Dreams,26
dreams_palette_27,grey,purple,black,Dreams,27
dreams_palette_28,black,pink,brown,Dreams,28
dreams_palette_29,grey,brown,brown,Dreams,29
dreams_palette_30,grey,grey,black,Dreams,30
dreams_palette_31,white,grey,grey,Dreams,31
dreams_palette_32,white,black,brown,Dreams,32
dreams_palette_33,brown,black,white,Dreams,33
dreams_palette_34,white,black,pink,Dreams,34
dreams_palette_35,white,black,brown,Dreams,35
dreams_palette_36,white,black,pink,Dreams,36
dreams_palette_37,white,black,pink,Dreams,37
dreams_palette_38,yellow,beige,black,Dreams,38
dreams_palette_39,white,brown,black,Dreams,39
dreams_palette_40,green,black,white,Dreams,40
dreams_palette_41,yellow,brown,white,Dreams,41
dreams_palette_42,yellow,yellow,brown,Dreams,42
dreams_palette_43,white,blue,black,Dreams,43
dreams_palette_44,blue,white,orange,Dreams,44
dreams_palette_45,purple,blue,brown,Dreams,45
dreams_palette_46,pink,blue,blue,Dreams,46
dreams_palette_47,blue,purple,red,Dreams,47
dreams_palette_48,pink,green,brown,Dreams,48
dreams_palette_49,green,green,purple,Dreams,49
dreams_palette_50,red,red,brown,Dreams,50
dreams_palette_51,pink,green,green,Dreams,51
dreams_palette_52,grey,blue,maroon,Dreams,52
dreams_palette_53,blue,blue,maroon,Dreams,53
dreams_palette_54,white,black,green,Dreams,54
dreams_palette_55,white,black,green,Dreams,55
dreams_palette_56,purple,purple,lilac,Dreams,56
dreams_palette_57,brown,grey,grey,Dreams,57
dreams_palette_58,grey,brown,yellow,Dreams,58
dreams_palette_59,grey,grey,brown,Dreams,59
dreams_palette_60,brown,grey,beige,Dreams,60
dreams_palette_61,pink,grey,grey,Dreams,61
dreams_palette_62,black,blue,grey,Dreams,62
dreams_palette_63,black,purple,black,Dreams,63
dreams_palette_64,blue,blue,black,Dreams,64
dreams_palette_65,black,pink,maroon,Dreams,65
dreams_palette_66,lilac,grey,black,Dreams,66
dreams_palette_67,pink,black,grey,Dreams,67
dreams_palette_68,black,grey,purple,Dreams,68
dreams_palette_69,grey,black,lilac,Dreams,69
dreams_palette_70,purple,black,brown,Dreams,70
dreams_palette_71,brown,black,brown,Dreams,71
dreams_palette_72,blue,black,lilac,Dreams,72
dreams_palette_73,black,beige,brown,Dreams,73
dreams_palette_74,grey,black,blue,Dreams,74
dreams_palette_75,blue,black,grey,Dreams,75
dreams_palette_76,grey,grey,brown,Dreams,76
dreams_palette_77,blue,blue,brown,Dreams,77
dreams_palette_78,black,green,green,Dreams,78
dreams_palette_79,brown,grey,grey,Dreams,79
dreams_palette_80,blue,lilac,purple,Dreams,80
dreams_palette_81,grey,grey,blue,Dreams,81
dreams_palette_82,black,green,brown,Dreams,82
dreams_palette_83,black,grey,grey,Dreams,83
dreams_palette_84,red,black,red,Dreams,84
dreams_palette_85,grey,grey,grey,Dreams,85
dreams_palette_86,grey,brown,grey,Dreams,86
dreams_palette_87,blue,blue,blue,Dreams,87
dreams_palette_88,blue,black,grey,Dreams,88
dreams_palette_89,blue,black,blue,Dreams,89
dreams_palette_90,grey,black,grey,Dreams,90
dreams_palette_91,black,beige,brown,Dreams,91
dreams_palette_92,grey,grey,grey,Dreams,92
dreams_palette_93,blue,blue,grey,Dreams,93
dreams_palette_94,brown,blue,blue,Dreams,94
dreams_palette_95,beige,purple,purple,Dreams,95
dreams_palette_96,lilac,pink,black,Dreams,96
dreams_palette_97,purple,purple,black,Dreams,97
dreams_palette_98,purple,purple,black,Dreams,98
dreams_palette_99,green,brown,black,Dreams,99
dreams_palette_100,purple,black,purple,Dreams,100
dreams_palette_101,grey,blue,black,Dreams,101
dreams_palette_102,beige,black,lilac,Dreams,102
dreams_palette_103,lilac,black,purple,Dreams,103
dreams_palette_104,purple,blue,pink,Dreams,104
dreams_palette_105,black,beige,brown,Dreams,105
dreams_palette_106,black,blue,purple,Dreams,106
dreams_palette_107,purple,yellow,black,Dreams,107
dreams_palette_108,black,green,pink,Dreams,108
dreams_palette_109,pink,black,purple,Dreams,109
dreams_palette_110,black,blue,pink,Dreams,110
dreams_palette_111,green,pink,black,Dreams,111
dreams_palette_112,pink,green,black,Dreams,112
dreams_palette_113,grey,blue,black,Dreams,113
dreams_palette_114,pink,purple,blue,Dreams,114
dreams_palette_115,grey,grey,orange,Dreams,115
dreams_palette_116,brown,brown,blue,Dreams,116
dreams_palette_117,orange,grey,blue,Dreams,117
dreams_palette_118,orange,grey,blue,Dreams,118
dreams_palette_119,yellow,brown,blue,Dreams,119
dreams_palette_120,blue,orange,brown,Dreams,120
dreams_palette_121,orange,beige,brown,Dreams,121
dreams_palette_122,brown,orange,black,Dreams,122
dreams_palette_123,brown,beige,brown,Dreams,123
dreams_palette_124,brown,beige,brown,Dreams,124
dreams_palette_125,brown,pink,brown,Dreams,125
dreams_palette_126,pink,white,brown,Dreams,126
dreams_palette_127,white,black,grey,Dreams,127
dreams_palette_128,white,black,grey,Dreams,128
dreams_palette_129,white,black,grey,Dreams,129
dreams_palette_130,white,black,grey,Dreams,130
dreams_palette_131,white,black,grey,Dreams,131
dreams_palette_132,white,black,grey,Dreams,132
dreams_palette_133,white,black,grey,Dreams,133
dreams_palette_134,white,black,grey,Dreams,134
dreams_palette_135,white,black,grey,Dreams,135
dreams_palette_136,grey,black,grey,Dreams,136
dreams_palette_137,green,green,green,Dreams,137
family_palette_0,black,black,black,Family,0
family_palette_1,black,purple,beige,Family,1
family_palette_2,grey,black,purple,Family,2
family_palette_3,black,brown,grey,Family,3
family_palette_4,black,brown,grey,Family,4
family_palette_5,grey,grey,black,Family,5
family_palette_6,pink,black,brown,Family,6
family_palette_7,blue,black,yellow,Family,7
family_palette_8,piml,black,purple,Family,8
family_palette_9,brown,beige,black,Family,9
family_palette_10,black,brown,beige,Family,10
family_palette_11,maroon,pink,black,Family,11
family_palette_12,black,pink,pink,Family,12
family_palette_13,black,beige,brown,Family,13
family_palette_14,black,grey,purple,Family,14
family_palette_15,beige,black,purple,Family,15
family_palette_16,black,beige,brown,Family,16
family_palette_17,black,grey,grey,Family,17
family_palette_18,beige,black,brown,Family,18
family_palette_19,beige,black,green,Family,19
family_palette_20,grey,purple,black,Family,20
family_palette_21,beige,brown,black,Family,21
family_palette_22,pirple,purple,purple,Family,22
family_palette_23,purple,yellow,grey,Family,23
family_palette_24,brown,brown,beige,Family,24
family_palette_25,beige,green,grey,Family,25
family_palette_26,green,green,green,Family,26
family_palette_27,green,blue,green,Family,27
family_palette_28,brown,white,orange,Family,28
family_palette_29,blue,green,green,Family,29
family_palette_30,grey,beige,grey,Family,30
family_palette_31,brown,blue,green,Family,31
family_palette_32,black,grey,brown,Family,32
family_palette_33,green,blue,green,Family,33
family_palette_34,grey,grey,beige,Family,34
family_palette_35,green,grey,green,Family,35
family_palette_36,brown,beige,green,Family,36
family_palette_37,green,grey,grey,Family,37
family_palette_38,blue,maroon,grey,Family,38
family_palette_39,grey,grey,beige,Family,39
family_palette_40,brown,pink,green,Family,40
family_palette_41,brown,beige,green,Family,41
family_palette_42,pink,purple,pink,Family,42
family_palette_43,purpole,pink,blue,Family,43
family_palette_44,pink,blue,purple,Family,44
family_palette_45,pink,pink,purple,Family,45
family_palette_46,purple,black,pink,Family,46
family_palette_47,purple,brown,pink,Family,47
family_palette_48,purple,black,purple,Family,48
family_palette_49,grey,green,pink,Family,49
family_palette_50,pink,pink,purple,Family,50
family_palette_51,lilac,purple,purple,Family,51
family_palette_52,purple,beige,pink,Family,52
family_palette_53,green,pink,brown,Family,53
family_palette_54,maroon,pink,pink,Family,54
family_palette_55,maroon,pink,purple,Family,55
family_palette_56,pink,maroon,pink,Family,56
family_palette_57,purple,pink,black,Family,57
family_palette_58,pink,red,pink,Family,58
family_palette_59,pink,brown,purple,Family,59
family_palette_60,orange,lilac,yellow,Family,60
family_palette_61,purple,lilac,maroon,Family,61
family_palette_62,pink,brown,pink,Family,62
family_palette_63,yellow,purple,purple,Family,63
family_palette_64,orange,pink,maroon,Family,64
family_palette_65,pink,pink,purple,Family,65
family_palette_66,purple,grey,black,Family,66
family_palette_67,grey,grey,black,Family,67
family_palette_68,black,grey,grey,Family,68
family_palette_69,grey,purple,brown,Family,69
family_palette_70,grey,purple,grey,Family,70
family_palette_71,grey,purple,grey,Family,71
family_palette_72,grey,brown,grey,Family,72
family_palette_73,grey,green,grey,Family,73
family_palette_74,grey,green,grey,Family,74
family_palette_75,grey,green,grey,Family,75
family_palette_76,black,grey,purple,Family,76
family_palette_77,grey,green,purple,Family,77
family_palette_78,pink,grey,grey,Family,78
family_palette_79,grey,green,grey,Family,79
family_palette_80,green,grey,purple,Family,80
family_palette_81,grey,green,purple,Family,81
family_palette_82,green,grey,purple,Family,82
family_palette_83,grey,green,purple,Family,83
family_palette_84,black,purple,brown,Family,84
family_palette_85,brown,beige,black,Family,85
family_palette_86,brown,grey,blue,Family,86
family_palette_87,grey,blue,black,Family,87
family_palette_88,grey,blue,black,Family,88
family_palette_89,black,blue,blue,Family,89
family_palette_90,black,blue,green,Family,90
family_palette_91,blue,black,green,Family,91
family_palette_92,black,green,blue,Family,92
family_palette_93,black,beige,brown,Family,93
family_palette_94,black,brown,green,Family,94
family_palette_95,blue,blue,blue,Family,95
family_palette_96,green,green,black,Family,96
family_palette_97,white,brown,blue,Family,97
family_palette_98,green,lilac,green,Family,98
family_palette_99,brown,blue,black,Family,99
family_palette_100,green,blue,blue,Family,100
family_palette_101,green,blue,green,Family,101
family_palette_102,black,grey,brown,Family,102
family_palette_103,back,grey,green,Family,103
family_palette_104,grey,blue,green,Family,104
family_palette_105,black,grey,brown,Family,105
family_palette_106,green,black,green,Family,106
family_palette_107,green,green,green,Family,107
family_palette_108,maroon,yellow,blue,Family,108
family_palette_109,brown,green,beige,Family,109
family_palette_110,green,orange,green,Family,110
family_palette_111,beige,maroon,beige,Family,111
family_palette_112,black,beige,brown,Family,112
family_palette_113,purple,brown,beige,Family,113
family_palette_114,blue,grey,brown,Family,114
family_palette_115,brown,maroon,grey,Family,115
family_palette_116,purple,brown,black,Family,116
family_palette_117,grey,red,brown,Family,117
family_palette_118,brown,black,beige,Family,118
family_palette_119,brown,maroon,beige,Family,119
family_palette_120,pink,grey,brown,Family,120
family_palette_121,orange,brown,lilac,Family,121
family_palette_122,brown,black,beige,Family,122
family_palette_123,orange,pink,black,Family,123
family_palette_124,brown,grey,orange,Family,124
family_palette_125,brown,grey,orange,Family,125
family_palette_126,green,grey,grey,Family,126
family_palette_127,green,green,beige,Family,127
family_palette_128,grey,black,grey,Family,128
family_palette_129,brown,grey,grey,Family,129
family_palette_130,green,grey,beige,Family,130
family_palette_131,beige,black,grey,Family,131
family_palette_132,blue,brown,brown,Family,132
family_palette_133,green,grey,beige,Family,133
family_palette_134,black,grey,brown,Family,134
love_palette_0,black,black,black,Love,0
love_palette_1,pink,green,pink,Love,1
love_palette_2,pink,green,pink,Love,2
love_palette_3,pink,black,pink,Love,3
love_palette_4,pink,green,pink,Love,4
love_palette_5,pink,pink,purple,Love,5
love_palette_6,beige,purple,pink,Love,6
love_palette_7,beige,purple,pink,Love,7
love_palette_8,beige,purple,pink,Love,8
love_palette_9,pink,brown,beige,Love,9
love_palette_10,black,pink,pink,Love,10
love_palette_11,beige,purple,black,Love,11
love_palette_12,pink,pink,black,Love,12
love_palette_13,black,beige,pink,Love,13
love_palette_14,black,pink,pink,Love,14
love_palette_15,pink,pink,purple,Love,15
love_palette_16,pink,pink,pink,Love,16
love_palette_17,purple,purple,black,Love,17
love_palette_18,blue,black,purple,Love,18
love_palette_19,grey,grey,purple,Love,19
love_palette_20,green,green,red,Love,20
love_palette_21,brown,blue,blue,Love,21
love_palette_22,beige,green,green,Love,22
love_palette_23,grey,grey,green,Love,23
love_palette_24,black,lilac,black,Love,24
love_palette_25,black,purple,purple,Love,25
love_palette_26,black,orange,purple,Love,26
love_palette_27,red,black,orange,Love,27
love_palette_28,pink,black,blue,Love,28
love_palette_29,black,red,orange,Love,29
love_palette_30,black,orange,red,Love,30
love_palette_31,purple,purple,pink,Love,31
love_palette_32,black,blue,pink,Love,32
love_palette_33,black,pink,red,Love,33
love_palette_34,purple,grey,black,Love,34
love_palette_35,pink,black,red,Love,35
love_palette_36,pink,black,yellow,Love,36
love_palette_37,beige,pink,green,Love,37
love_palette_38,green,black,yellow,Love,38
love_palette_39,green,orange,black,Love,39
love_palette_40,green,orange,black,Love,40
love_palette_41,pink,black,orange,Love,41
love_palette_42,green,pink,black,Love,42
love_palette_43,orange,black,blue,Love,43
love_palette_44,yellow,green,black,Love,44
love_palette_45,green,yellow,black,Love,45
love_palette_46,black,green,yellow,Love,46
love_palette_47,pink,green,black,Love,47
love_palette_48,grey,red,orange,Love,48
love_palette_49,orange,black,pink,Love,49
love_palette_50,beige,yellow,orange,Love,50
love_palette_51,green,pink,green,Love,51
love_palette_52,pink,orange,black,Love,52
love_palette_53,yellow,white,red,Love,53
love_palette_54,white,yellow,red,Love,54
love_palette_55,yellow,white,red,Love,55
love_palette_56,white,yellow,red,Love,56
love_palette_57,yellow,white,red,Love,57
love_palette_58,yellow,white,red,Love,58
love_palette_59,yellow,white,red,Love,59
love_palette_60,yellow,white,red,Love,60
love_palette_61,yellow,purple,white,Love,61
love_palette_62,yellow,red,white,Love,62
love_palette_63,red,yellow,orange,Love,63
love_palette_64,grey,red,brown,Love,64
love_palette_65,grey,maroon,blue,Love,65
love_palette_66,blue,brown,grey,Love,66
love_palette_67,grey,red,grey,Love,67
love_palette_68,green,maroon,grey,Love,68
love_palette_69,grey,maroon,grey,Love,69
love_palette_70,maroon,green,grey,Love,70
love_palette_71,brown,green,grey,Love,71
love_palette_72,brown,grey,grey,Love,72
love_palette_73,brown,grey,beige,Love,73
love_palette_74,brown,grey,green,Love,74
love_palette_75,grey,green,white,Love,75
love_palette_76,white,black,blue,Love,76
love_palette_77,black,green,green,Love,77
love_palette_78,grey,black,white,Love,78
love_palette_79,black,white,blue,Love,79
love_palette_80,black,grey,blue,Love,80
love_palette_81,black,grey,grey,Love,81
love_palette_82,black,grey,grey,Love,82
love_palette_83,black,grey,purple,Love,83
love_palette_84,black,grey,purple,Love,84
love_palette_85,black,grey,blue,Love,85
love_palette_86,blue,white,blue,Love,86
love_palette_87,white,blue,black,Love,87
love_palette_88,white,black,grey,Love,88
love_palette_89,black,grey,blue,Love,89
love_palette_90,black,grey,green,Love,90
love_palette_91,green,blue,black,Love,91
love_palette_92,green,blue,black,Love,92
love_palette_93,green,black,grey,Love,93
love_palette_94,white,black,blue,Love,94
love_palette_95,black,pink,green,Love,95
love_palette_96,green,black,grey,Love,96
love_palette_97,brown,pink,black,Love,97
love_palette_98,black,grey,grey,Love,98
love_palette_99,brown,beige,grey,Love,99
love_palette_100,blue,grey,brown,Love,100
love_palette_101,grey,grey,grey,Love,101
love_palette_102,brown,brown,grey,Love,102
love_palette_103,lilac,grey,white,Love,103
love_palette_104,lilac,white,grey,Love,104
love_palette_105,brown,grey,green,Love,105
love_palette_106,blue,brown,blue,Love,106
love_palette_107,green,black,green,Love,107
love_palette_108,white,red,beige,Love,108
love_palette_109,pink,pink,red,Love,109
love_palette_110,brown,black,pink,Love,110
love_palette_111,green,green,brown,Love,111
love_palette_112,purple,purple,beige,Love,112
love_palette_113,grey,brown,purple,Love,113
love_palette_114,black,grey,grey,Love,114
love_palette_115,brown,black,grey,Love,115
love_palette_116,grey,green,black,Love,116
love_palette_117,green,grey,black,Love,117
love_palette_118,black,lilac,green,Love,118
love_palette_119,grey,black,green,Love,119
love_palette_120,black,green,purple,Love,120
love_palette_121,black,green,purple,Love,121
love_palette_122,green,black,purple,Love,122
love_palette_123,black,green,purple,Love,123
love_palette_124,black,green,purple,Love,124
love_palette_125,black,green,purple,Love,125
love_palette_126,black,green,purple,Love,126
love_palette_127,black,purple,green,Love,127
love_palette_128,black,green,purple,Love,128
love_palette_129,black,green,purple,Love,129
love_palette_130,black,lilac,green,Love,130
love_palette_131,green,black,purple,Love,131
love_palette_132,grey,grey,black,Love,132
love_palette_133,black,green,lilac,Love,133
love_palette_134,grey,brown,brown,Love,134
nightmares_palette_0,black,black,black,Nightmares,0
nightmares_palette_1,black,black,black,Nightmares,1
nightmares_palette_2,black,black,black,Nightmares,2
nightmares_palette_3,grey,black,grey,Nightmares,3
nightmares_palette_4,grey,grey,black,Nightmares,4
nightmares_palette_5,black,grey,black,Nightmares,5
nightmares_palette_6,black,black,grey,Nightmares,6
nightmares_palette_7,black,grey,grey,Nightmares,7
nightmares_palette_8,blue,black,grey,Nightmares,8
nightmares_palette_9,black,blue,grey,Nightmares,9
nightmares_palette_10,black,grey,grey,Nightmares,10
nightmares_palette_11,beige,black,brown,Nightmares,11
nightmares_palette_12,black,brown,brown,Nightmares,12
nightmares_palette_13,black,brown,brown,Nightmares,13
nightmares_palette_14,black,grey,grey,Nightmares,14
nightmares_palette_15,red,pink,black,Nightmares,15
nightmares_palette_16,black,brown,brown,Nightmares,16
nightmares_palette_17,black,brown,brown,Nightmares,17
nightmares_palette_18,black,brown,blue,Nightmares,18
nightmares_palette_19,brown,black,brown,Nightmares,19
nightmares_palette_20,black,grey,grey,Nightmares,20
nightmares_palette_21,black,brown,brown,Nightmares,21
nightmares_palette_22,black,grey,red,Nightmares,22
nightmares_palette_23,grey,black,grey,Nightmares,23
nightmares_palette_24,black,grey,grey,Nightmares,24
nightmares_palette_25,black,grey,grey,Nightmares,25
nightmares_palette_26,gery,grey,grey,Nightmares,26
nightmares_palette_27,black,grey,black,Nightmares,27
nightmares_palette_28,grey,black,grey,Nightmares,28
nightmares_palette_29,black,grey,grey,Nightmares,29
nightmares_palette_30,grey,black,purple,Nightmares,30
nightmares_palette_31,brown,brown,grey,Nightmares,31
nightmares_palette_32,green,black,brown,Nightmares,32
nightmares_palette_33,orange,black,pink,Nightmares,33
nightmares_palette_34,brown,beige,pink,Nightmares,34
nightmares_palette_35,brown,yellow,purple,Nightmares,35
nightmares_palette_36,black,black,black,Nightmares,36
nightmares_palette_37,grey,grey,black,Nightmares,37
nightmares_palette_38,grey,grey,black,Nightmares,38
nightmares_palette_39,black,grey,grey,Nightmares,39
nightmares_palette_40,grey,grey,grey,Nightmares,40
nightmares_palette_41,black,grey,grey,Nightmares,41
nightmares_palette_42,black,black,black,Nightmares,42
nightmares_palette_43,black,grey,grey,Nightmares,43
nightmares_palette_44,black,black,brown,Nightmares,44
nightmares_palette_45,black,red,maroon,Nightmares,45
nightmares_palette_46,black,brown,brown,Nightmares,46
nightmares_palette_47,black,brown,brown,Nightmares,47
nightmares_palette_48,black,brown,brown,Nightmares,48
nightmares_palette_49,black,brown,brown,Nightmares,49
nightmares_palette_50,maroon,black,red,Nightmares,50
nightmares_palette_51,brown,black,red,Nightmares,51
nightmares_palette_52,brown,black,pink,Nightmares,52
nightmares_palette_53,black,blue,grey,Nightmares,53
nightmares_palette_54,black,pink,brown,Nightmares,54
nightmares_palette_55,black,blue,green,Nightmares,55
nightmares_palette_56,black,grey,brown,Nightmares,56
nightmares_palette_57,black,pink,brown,Nightmares,57
nightmares_palette_58,black,pink,brown,Nightmares,58
nightmares_palette_59,brown,black,pink,Nightmares,59
nightmares_palette_60,black,grey,grey,Nightmares,60
nightmares_palette_61,black,brown,pink,Nightmares,61
nightmares_palette_62,green,black,green,Nightmares,62
nightmares_palette_63,green,grey,brown,Nightmares,63
nightmares_palette_64,brown,white,brown,Nightmares,64
nightmares_palette_65,brown,white,brown,Nightmares,65
nightmares_palette_66,brown,white,brown,Nightmares,66
nightmares_palette_67,brown,white,brown,Nightmares,67
nightmares_palette_68,black,brown,brown,Nightmares,68
nightmares_palette_69,black,beige,grey,Nightmares,69
nightmares_palette_70,black,beige,grey,Nightmares,70
nightmares_palette_71,black,beige,grey,Nightmares,71
nightmares_palette_72,black,grey,beige,Nightmares,72
nightmares_palette_73,grey,black,brown,Nightmares,73
nightmares_palette_74,grey,black,brown,Nightmares,74
nightmares_palette_75,black,purple,purple,Nightmares,75
nightmares_palette_76,purple,purple,maroon,Nightmares,76
nightmares_palette_77,purple,purple,maroon,Nightmares,77
nightmares_palette_78,purple,purple,maroon,Nightmares,78
nightmares_palette_79,purple,purple,black,Nightmares,79
nightmares_palette_80,grey,brown,black,Nightmares,80
nightmares_palette_81,purple,brown,black,Nightmares,81
nightmares_palette_82,grey,purple,black,Nightmares,82
nightmares_palette_83,purple,purple,maroon,Nightmares,83
nightmares_palette_84,maroon,purple,purple,Nightmares,84
nightmares_palette_85,grey,maroon,purple,Nightmares,85
nightmares_palette_86,grey,maroon,purple,Nightmares,86
nightmares_palette_87,grey,purple,maroon,Nightmares,87
nightmares_palette_88,grey,maroon,purple,Nightmares,88
nightmares_palette_89,black,brown,brown,Nightmares,89
nightmares_palette_90,brown,black,brown,Nightmares,90
nightmares_palette_91,brown,brown,brown,Nightmares,91
nightmares_palette_92,black,brown,brown,Nightmares,92
nightmares_palette_93,beige,black,brown,Nightmares,93
nightmares_palette_94,brown,beige,brown,Nightmares,94
nightmares_palette_95,black,brown,orange,Nightmares,95
nightmares_palette_96,black,brown,brown,Nightmares,96
nightmares_palette_97,beige,black,brown,Nightmares,97
nightmares_palette_98,brown,black,brown,Nightmares,98
nightmares_palette_99,brown,black,brown,Nightmares,99
nightmares_palette_100,black,beige,brown,Nightmares,100
nightmares_palette_101,black,grey,black,Nightmares,101
nightmares_palette_102,black,black,black,Nightmares,102
nightmares_palette_103,grey,black,grey,Nightmares,103
nightmares_palette_104,black,brown,grey,Nightmares,104
nightmares_palette_105,brown,black,brown,Nightmares,105
nightmares_palette_106,black,pink,brown,Nightmares,106
nightmares_palette_107,green,black,brown,Nightmares,107
nightmares_palette_108,black,grey,brown,Nightmares,108
nightmares_palette_109,brwon,blue,black,Nightmares,109
nightmares_palette_110,grey,black,brown,Nightmares,110
nightmares_palette_111,brown,brown,grey,Nightmares,111
nightmares_palette_112,black,grey,yellow,Nightmares,112
nightmares_palette_113,grey,black,yellow,Nightmares,113
nightmares_palette_114,black,brown,brown,Nightmares,114
nightmares_palette_115,black,green ,grey,Nightmares,115
nightmares_palette_116,brown,black,brown,Nightmares,116
nightmares_palette_117,black,brown,yellow,Nightmares,117
nightmares_palette_118,pink,black,brown,Nightmares,118
nightmares_palette_119,black,brown,grey,Nightmares,119
nightmares_palette_120,grey,grey,black,Nightmares,120
nightmares_palette_121,grey,black,grey,Nightmares,121
nightmares_palette_122,black,brown,pink,Nightmares,122
nightmares_palette_123,black,yellow,brown,Nightmares,123
nightmares_palette_124,yellow,black,brown,Nightmares,124
nightmares_palette_125,grey,grey,black,Nightmares,125
nightmares_palette_126,black,grey,grey,Nightmares,126
nightmares_palette_127,grey,blue,black,Nightmares,127
nightmares_palette_128,blue,brown,black,Nightmares,128
nightmares_palette_129,black,blue,red,Nightmares,129
nightmares_palette_130,brown,brown,grey,Nightmares,130
nightmares_palette_131,black,white,grey,Nightmares,131
nightmares_palette_132,grey,grey,grey,Nightmares,132
paradise_palette_0,black,black,black,Paradise,0
paradise_palette_1,blue,blue,yellow,Paradise,1
paradise_palette_2,blue,pink,blue,Paradise,2
paradise_palette_3,yellow,pink,brown,Paradise,3
paradise_palette_4,pink,yellow,brown,Paradise,4
paradise_palette_5,yellow,pink,brown,Paradise,5
paradise_palette_6,black,grey,brown,Paradise,6
paradise_palette_7,black,white,green,Paradise,7
paradise_palette_8,red,black,green,Paradise,8
paradise_palette_9,grey,green ,grey,Paradise,9
paradise_palette_10,blue,blue,grey,Paradise,10
paradise_palette_11,green,blue,green,Paradise,11
paradise_palette_12,green,beige,brown,Paradise,12
paradise_palette_13,black,green,brown,Paradise,13
paradise_palette_14,black,blue,blue,Paradise,14
paradise_palette_15,blue,blue,blue,Paradise,15
paradise_palette_16,blue,blue,blue,Paradise,16
paradise_palette_17,grey,grey,black,Paradise,17
paradise_palette_18,purple,black,purple,Paradise,18
paradise_palette_19,grey,brown,brown,Paradise,19
paradise_palette_20,brown,brown,beige,Paradise,20
paradise_palette_21,blue,blue,blue,Paradise,21
paradise_palette_22,blue,blue,blue,Paradise,22
paradise_palette_23,blue,grey,purple,Paradise,23
paradise_palette_24,blue,blue,blue,Paradise,24
paradise_palette_25,blue,brown,beige,Paradise,25
paradise_palette_26,blue,blue,blue,Paradise,26
paradise_palette_27,brown,grey,grey,Paradise,27
paradise_palette_28,black,black,black,Paradise,28
paradise_palette_29,red,purple,grey,Paradise,29
paradise_palette_30,green,orange,black,Paradise,30
paradise_palette_31,purple,orange,red,Paradise,31
paradise_palette_32,black,pink,purple,Paradise,32
paradise_palette_33,purple,orange,lilac,Paradise,33
paradise_palette_34,red,pink,green,Paradise,34
paradise_palette_35,green,red,pink,Paradise,35
paradise_palette_36,purple,purple,purple,Paradise,36
paradise_palette_37,green,beige,pink,Paradise,37
paradise_palette_38,pink,green,grey,Paradise,38
paradise_palette_39,black,pink,orange,Paradise,39
paradise_palette_40,brown,orange,pink,Paradise,40
paradise_palette_41,black,green,brown,Paradise,41
paradise_palette_42,green,black,brown,Paradise,42
paradise_palette_43,green,black,brown,Paradise,43
paradise_palette_44,black,green,brown,Paradise,44
paradise_palette_45,black,green,brown,Paradise,45
paradise_palette_46,blue,black,green,Paradise,46
paradise_palette_47,black,green,brown,Paradise,47
paradise_palette_48,purple,black,purple,Paradise,48
paradise_palette_49,black,brown,green,Paradise,49
paradise_palette_50,black,green,green,Paradise,50
paradise_palette_51,brown,black,yellow,Paradise,51
paradise_palette_52,brown,black,yellow,Paradise,52
paradise_palette_53,black,green,brown,Paradise,53
paradise_palette_54,blue,black,blue,Paradise,54
paradise_palette_55,black,green,green,Paradise,55
paradise_palette_56,green,blue,purple,Paradise,56
paradise_palette_57,orange,blue,pink,Paradise,57
paradise_palette_58,blue,orange,pink,Paradise,58
paradise_palette_59,purple,blue,green,Paradise,59
paradise_palette_60,purple,purple,green,Paradise,60
paradise_palette_61,green,purple,blue,Paradise,61
paradise_palette_62,blue,green,pink,Paradise,62
paradise_palette_63,blue,green,purple,Paradise,63
paradise_palette_64,purple,green,purple,Paradise,64
paradise_palette_65,purple,green,blue,Paradise,65
paradise_palette_66,green,pink,green,Paradise,66
paradise_palette_67,blue,pink,green,Paradise,67
paradise_palette_68,purple,green,blue,Paradise,68
paradise_palette_69,pink,blue,red,Paradise,69
paradise_palette_70,red,pink,blue,Paradise,70
paradise_palette_71,purple,red,maroon,Paradise,71
paradise_palette_72,pink,grey,brown,Paradise,72
paradise_palette_73,brown,pink,grey,Paradise,73
paradise_palette_74,pink,brown,pink,Paradise,74
paradise_palette_75,black,pink,pink,Paradise,75
paradise_palette_76,black,grey,grey,Paradise,76
paradise_palette_77,black,orange,grey,Paradise,77
paradise_palette_78,brown,grey,black,Paradise,78
paradise_palette_79,grey,black,grey,Paradise,79
paradise_palette_80,grey,brown,grey,Paradise,80
paradise_palette_81,black,grey,grey,Paradise,81
paradise_palette_82,green,blue,pink,Paradise,82
paradise_palette_83,yellow,purple,green,Paradise,83
paradise_palette_84,brown,green,yellow,Paradise,84
paradise_palette_85,blue,grey,blue,Paradise,85
paradise_palette_86,blue,grey,brown,Paradise,86
paradise_palette_87,blue,blue,pink,Paradise,87
paradise_palette_88,purple,brown,grey,Paradise,88
paradise_palette_89,blue,pink,blue,Paradise,89
paradise_palette_90,black,purple,blue,Paradise,90
paradise_palette_91,blue,black,blue,Paradise,91
paradise_palette_92,blue,blue,pink,Paradise,92
paradise_palette_93,blue,blue,pink,Paradise,93
paradise_palette_94,purple,green,purple,Paradise,94
paradise_palette_95,black,white,grey,Paradise,95
paradise_palette_96,grey,grey,grey,Paradise,96
paradise_palette_97,grey,black,grey,Paradise,97
paradise_palette_98,grey,black,grey,Paradise,98
paradise_palette_99,red,black,red,Paradise,99
paradise_palette_100,brown,black,grey,Paradise,100
paradise_palette_101,black,pink,brown,Paradise,101
paradise_palette_102,orange,brown,orange,Paradise,102
paradise_palette_103,grey,pink,black,Paradise,103
paradise_palette_104,black,brown,grey,Paradise,104
paradise_palette_105,black,grey,brown,Paradise,105
paradise_palette_106,black,grey,brown,Paradise,106
paradise_palette_107,grey,black,grey,Paradise,107
paradise_palette_108,grey,blue,black,Paradise,108
paradise_palette_109,brown,green,green,Paradise,109
paradise_palette_110,blue,blue,green,Paradise,110
paradise_palette_111,blue,blue,green,Paradise,111
paradise_palette_112,grey,blue,grey,Paradise,112
paradise_palette_113,grey,grey,grey,Paradise,113
paradise_palette_114,grey,grey,grey,Paradise,114
paradise_palette_115,grey,grey,grey,Paradise,115
paradise_palette_116,grey,grey,grey,Paradise,116
paradise_palette_117,grey,grey,black,Paradise,117
paradise_palette_118,grey,grey,grey,Paradise,118
paradise_palette_119,grey,black,grey,Paradise,119
paradise_palette_120,black,grey,grey,Paradise,120
paradise_palette_121,grey,black,grey,Paradise,121
paradise_palette_122,grey,grey,black,Paradise,122
paradise_palette_123,blue,black,grey,Paradise,123
paradise_palette_124,pink,purple,purple,Paradise,124
paradise_palette_125,orange,pink,black,Paradise,125
paradise_palette_126,brown,purple,brown,Paradise,126
paradise_palette_127,brown,brown,purple,Paradise,127
paradise_palette_128,brown,brown,orange,Paradise,128
paradise_palette_129,brown,brown,brown,Paradise,129
paradise_palette_130,brown,black,blue,Paradise,130
paradise_palette_131,brown,black,pink,Paradise,131
paradise_palette_132,brown,brown,pink,Paradise,132
paradise_palette_133,green,green,brown,Paradise,133
paradise_palette_134,green,blue,green,Paradise,134
